scenario,effect_0_10s,effect_10_20s,effect_20_60s,expected_n,pct_never_decided,h2_support_rate
optimistic,0.45043199999999994,0.02268,0.0033450000000000003,80.57142857142857,10.256410256410255,100
realistic,0.39168,0.01512,0.00223,81.42857142857143,12.5,100
conservative,0.29375999999999997,0.008675,0,73.84615384615384,0,100
