"Scenario","N_Simulations","Mean_Effect_0_10s","SD_Effect_0_10s","Mean_Effect_10_20s","SD_Effect_10_20s","Mean_Effect_20_60s","SD_Effect_20_60s","H2_Support_Rate"
"Conservative",51,0.239763825108977,0.0284809190299158,0.119425956877664,0.0277840817567121,0.00173156685638193,0.0226950877285574,98.0392156862745
"Realistic",54,0.347878701198223,0.0269204238705758,0.153714252749462,0.0224213407804633,-0.00335027661848457,0.0285748722550724,92.5925925925926
"Optimistic",57,0.492812206585382,0.0185997911188212,0.247806770578941,0.0225352613725694,0.0130865606906436,0.0295763686919583,87.719298245614
